Out-Of-Phase Space	위상 이탈 공간
Metallicum Deposit	메탈리쿰 매장지
Cryogenic Freezer	극저온 냉동기
Cybernetics Crate	사이버네틱스 상자
Loot Box	전리품 상자
Quest Item	퀘스트 아이템
Quest Target	퀘스트 목표
Spatial Anomaly	공간 이상 현상
Alien Art Object	외계 예술품
An Asteroid For Mining	채굴용 소행성
Bandit Machine	도박 기계
Crystal Web	수정 거미줄
Historical Relic	역사 유물
Plant Sample	식물 표본
Closed Locker	닫힌 사물함
Officer's Uniform	장교 제복
Foodstuffs	식량
Anti-Matter	반물질
Yellow Button	노란 버튼
Purple Button	보라 버튼
Crafting Manual	제작 설명서
Glow Cubes	발광 큐브
Oxygen Tanks	산소 탱크
Officer XP Bonus	장교 경험치 보너스
Medkit	구급 키트
Aggressive Biohazard	공격적인 생물 오염
Invasive Toxin	침습성 독소
Dangerous Radioactivity	위험한 방사능
Alien Pylon	외계 파일런
Oxy-Algae	산소 조류
Datapad	데이터패드
White Data	흰색 데이터
White Energy	흰색 에너지
Someone Left a Message	누군가 남긴 메시지
A Device	장치
Crafting Schematic	제작 설계도
Crafting Parts	제작 부품
Computer Terminal	컴퓨터 단말기
Information	정보
Firax Clue	피락스 단서
Yendor Clue	옌더 단서
Credits	크레딧
Rare Part Box	희귀 부품 상자
Force-Field Switch	역장 스위치
Warp Magnet	워프 자석
Transit Tube Up	이동 튜브 (위)
Transit Tube Down	이동 튜브 (아래)
Junk Pile	잡동사니 더미
Bait	미끼
Entropic Dust	엔트로피 먼지
Warp Anchor	워프 닻
Webbing	거미줄
Auto-Turret	자동 포탑
DNA Sample	DNA 표본
Security Code	보안 코드
Firax Empowerer	피락스 강화기
Wreck Being Towed	예인 중인 잔해
Blue Gel	파란 젤
Red Gel	빨간 젤
Yellow Gel	노란 젤
Green Gel	초록 젤
Purple Gel	보라 젤
Stranded Officer	조난된 장교
Nutrition Cubes	영양 큐브
Your Mines	내 지뢰
Blight Spores	블라이트 포자
Blighted Blood	블라이트에 오염된 피
Laser Barrier	레이저 장벽
Asteroid Mineral	소행성 광물
Items Of Interest	흥미로운 물건
Pirate Quest Clue	해적 퀘스트 단서
Ion Trail Clue	이온 흔적 단서
Place Bomb Here	여기에 폭탄 설치
Plant Seed Here	여기에 씨앗 심기
Pirate Contraband	해적 밀수품
The Package!	소포!
U.H.O. Sign	U.H.O. 표지판
A Treasure Chest	보물 상자
The On Switch	전원 스위치
Planetary Survey	행성 조사
Powerful Artifact	강력한 유물
Mutant Lifeforms	돌연변이 생명체
Powercell	동력 전지
Veggie Burger	채식 버거
Nav Beacon	항법 신호기
A Rare Book for the Librarian	사서를 위한 희귀 도서
Notes	메모
Unique Mineral	독특한 광물
Creature's Remains	생물의 유해
Nanostructure Sample	나노구조 표본
Mysterious Package B	수상한 소포 B
Footprint	발자국
Blight-Being Center	블라이트 존재의 핵
Blight Corpse	블라이트 시체
Fragment	파편
Corrupted DNA	오염된 DNA
Cryo-Chamber Schematic	냉동 캡슐 설계도
Mission Target	임무 목표
Hot, dangerous, and likely to spread.	뜨겁고 위험하며 번지기 쉽습니다.
Out-of-control chemical reaction.	통제 불능의 화학 반응입니다.
Destroys plants and some insects.	식물과 일부 곤충을 파괴합니다.
Fog, steam, or dense non-reactive gases.	안개, 증기 또는 짙은 비반응성 기체입니다.
Toxic cloud.	독성 구름입니다.
Eats Everything!	모든 걸 먹어치웁니다!
Spore Cloud	포자 구름
Slime Trail	점액 자국
Darkness	어둠
Canyon Wall	협곡 벽
Reddish Bloodstain	붉은 핏자국
Greenish Bloodstain	초록빛 핏자국
Blueish Bloodstain	푸른빛 핏자국
Black Oily Goo	검은 기름 점액
Log Entry Location	기록 위치
Quest Location	퀘스트 위치
Leaking Tanks	새는 탱크
Damaged Tanks	손상된 탱크
Deactivated Terminal	비활성화된 단말기
Vending Machine	자판기
Hologram	홀로그램
Empty Bandit Machine	빈 도박 기계
Open Locker	열린 사물함
Dead Party Member	사망한 대원
Barren Asteroid	불모의 소행성
Complex Asteroid	복합 소행성
Radioactive Asteroid	방사성 소행성
Mysterious Asteroid	수수께끼의 소행성
Sparkling Asteroid	반짝이는 소행성
Valuable Asteroid	값진 소행성
Unstable Asteroid	불안정한 소행성
Ice Asteroid	얼음 소행성
Empty Tanks	빈 탱크
Flammable Tanks	가연성 탱크
Vapor Tanks	증기 탱크
Xenocide Tanks	제노사이드 탱크
Toxic Tanks	독성 탱크
Nano Tanks	나노 탱크
Corrosive Tanks	부식성 탱크
Radioactive Tanks	방사성 탱크
Explosive Tanks	폭발성 탱크
Unspecified Tanks	미확인 탱크
Slime Tanks	점액 탱크
Megafreeze Tanks	메가프리즈 탱크
A Path North!	북쪽 길!
A Path East!	동쪽 길!
A Path South!	남쪽 길!
A Path West!	서쪽 길!
Grappler Gun	그래플러 총
Bones	뼈
Menger-Mouth Enzyme	멩거입 효소
Pirate Prisoner	해적 포로
Red-Eye Prisoner	레드아이 포로
Merc Prisoner	용병 포로
Hiru Prisoner	히루 포로
Yata Prisoner	야타 포로
Narod Prisoner	나로드 포로
Grozde Prisoner	그로즈데 포로
Trondro Prisoner	트론드로 포로
Blightfire	블라이트파이어
