en,ko,scope,note
Load Game,불러오기,bc,UI
New Game,새 게임,bc,UI
Past Lives,지난 생애,bc,UI
Options,설정,bc,UI
Thanks,감사의 말,bc,UI
Help,도움말,bc,UI
Classic,클래식,bc,UI
Quit,종료,bc,UI
Custom Cursor,사용자 커서,bc,UI
Officers,장교,bc,left menu
Inventory,인벤토리,bc,left menu
Quests,퀘스트,bc,left menu
Crafting,제작,bc,left menu
Captain's Log,함장 일지,bc,left menu
Infinipedia,인피니피디아,bc,left menu
Stim-Ware,자극제,all,commodity
Nano-Machines,나노머신,all,commodity
Star-Skimmer,스타스키머,all,ship class
Nitrogen,질소,bc,gas
Carbon Dioxide,이산화탄소,bc,gas
